time_s,co2_ppm,state,fault,output_pct,filtered_ppm
0,500.0,STARTUP,NONE,100,500
5,500.0,STARTUP,NONE,100,500
10,500.0,STARTUP,NONE,100,500
15,500.0,AUTO,NONE,99,500
20,500.0,AUTO,NONE,98,500
25,500.0,AUTO,NONE,97,500
30,500.0,AUTO,NONE,96,500
35,500.0,AUTO,NONE,95,500
40,500.0,AUTO,NONE,94,500
45,500.0,AUTO,NONE,93,500
50,500.0,AUTO,NONE,92,500
55,500.0,AUTO,NONE,91,500
60,500.0,AUTO,NONE,90,500
65,500.0,AUTO,NONE,89,500
70,500.0,AUTO,NONE,88,500
75,500.0,AUTO,NONE,87,500
80,500.0,AUTO,NONE,86,500
85,500.0,AUTO,NONE,85,500
90,500.0,AUTO,NONE,84,500
95,500.0,AUTO,NONE,83,500
100,500.0,AUTO,NONE,82,500
105,500.0,AUTO,NONE,81,500
110,500.0,AUTO,NONE,80,500
115,500.0,AUTO,NONE,79,500
120,500.0,AUTO,NONE,78,500
125,500.0,AUTO,NONE,77,500
130,500.0,AUTO,NONE,76,500
135,500.0,AUTO,NONE,75,500
140,500.0,AUTO,NONE,74,500
145,500.0,AUTO,NONE,73,500
150,500.0,AUTO,NONE,72,500
155,500.0,AUTO,NONE,71,500
160,500.0,AUTO,NONE,70,500
165,500.0,AUTO,NONE,69,500
170,500.0,AUTO,NONE,68,500
175,500.0,AUTO,NONE,67,500
180,500.0,AUTO,NONE,66,500
185,500.0,AUTO,NONE,65,500
190,500.0,AUTO,NONE,64,500
195,500.0,AUTO,NONE,63,500
200,500.0,AUTO,NONE,62,500
205,500.0,AUTO,NONE,61,500
210,500.0,AUTO,NONE,60,500
215,500.0,AUTO,NONE,59,500
220,500.0,AUTO,NONE,58,500
225,500.0,AUTO,NONE,57,500
230,500.0,AUTO,NONE,56,500
235,500.0,AUTO,NONE,55,500
240,500.0,AUTO,NONE,54,500
245,500.0,AUTO,NONE,53,500
250,500.0,AUTO,NONE,52,500
255,500.0,AUTO,NONE,51,500
260,500.0,AUTO,NONE,50,500
265,500.0,AUTO,NONE,49,500
270,500.0,AUTO,NONE,48,500
275,500.0,AUTO,NONE,47,500
280,500.0,AUTO,NONE,46,500
285,500.0,AUTO,NONE,45,500
290,500.0,AUTO,NONE,44,500
295,500.0,AUTO,NONE,43,500
300,500.0,AUTO,NONE,42,500
305,500.0,AUTO,NONE,41,500
310,500.0,AUTO,NONE,40,500
315,500.0,AUTO,NONE,39,500
320,500.0,AUTO,NONE,38,500
325,500.0,AUTO,NONE,37,500
330,500.0,AUTO,NONE,36,500
335,500.0,AUTO,NONE,35,500
340,500.0,AUTO,NONE,34,500
345,500.0,AUTO,NONE,33,500
350,500.0,AUTO,NONE,32,500
355,500.0,AUTO,NONE,31,500
360,500.0,AUTO,NONE,30,500
365,500.0,AUTO,NONE,29,500
370,500.0,AUTO,NONE,28,500
375,500.0,AUTO,NONE,27,500
380,500.0,AUTO,NONE,26,500
385,500.0,AUTO,NONE,25,500
390,500.0,AUTO,NONE,24,500
395,500.0,AUTO,NONE,23,500
400,500.0,AUTO,NONE,22,500
405,500.0,AUTO,NONE,21,500
410,500.0,AUTO,NONE,20,500
415,500.0,AUTO,NONE,20,500
420,500.0,AUTO,NONE,20,500
425,500.0,AUTO,NONE,20,500
430,500.0,AUTO,NONE,20,500
435,500.0,AUTO,NONE,20,500
440,500.0,AUTO,NONE,20,500
445,500.0,AUTO,NONE,20,500
450,500.0,AUTO,NONE,20,500
455,500.0,AUTO,NONE,20,500
460,500.0,AUTO,NONE,20,500
465,500.0,AUTO,NONE,20,500
470,500.0,AUTO,NONE,20,500
475,500.0,AUTO,NONE,20,500
480,500.0,AUTO,NONE,20,500
485,500.0,AUTO,NONE,20,500
490,500.0,AUTO,NONE,20,500
495,500.0,AUTO,NONE,20,500
500,500.0,AUTO,NONE,20,500
505,500.0,AUTO,NONE,20,500
510,500.0,AUTO,NONE,20,500
515,500.0,AUTO,NONE,20,500
520,500.0,AUTO,NONE,20,500
525,500.0,AUTO,NONE,20,500
530,500.0,AUTO,NONE,20,500
535,500.0,AUTO,NONE,20,500
540,500.0,AUTO,NONE,20,500
545,500.0,AUTO,NONE,20,500
550,500.0,AUTO,NONE,20,500
555,500.0,AUTO,NONE,20,500
560,500.0,AUTO,NONE,20,500
565,500.0,AUTO,NONE,20,500
570,500.0,AUTO,NONE,20,500
575,500.0,AUTO,NONE,20,500
580,500.0,AUTO,NONE,20,500
585,500.0,AUTO,NONE,20,500
590,500.0,AUTO,NONE,20,500
595,500.0,AUTO,NONE,20,500
600,500.0,AUTO,NONE,20,500
605,500.0,AUTO,NONE,20,500
610,500.0,AUTO,NONE,20,500
615,500.0,AUTO,NONE,20,500
620,500.0,AUTO,NONE,20,500
625,500.0,AUTO,NONE,20,500
630,500.0,AUTO,NONE,20,500
635,500.0,AUTO,NONE,20,500
640,500.0,AUTO,NONE,20,500
645,500.0,AUTO,NONE,20,500
650,500.0,AUTO,NONE,20,500
655,500.0,AUTO,NONE,20,500
660,500.0,AUTO,NONE,20,500
665,500.0,AUTO,NONE,20,500
670,500.0,AUTO,NONE,20,500
675,500.0,AUTO,NONE,20,500
680,500.0,AUTO,NONE,20,500
685,500.0,AUTO,NONE,20,500
690,500.0,AUTO,NONE,20,500
695,500.0,AUTO,NONE,20,500
700,500.0,AUTO,NONE,20,500
705,500.0,AUTO,NONE,20,500
710,500.0,AUTO,NONE,20,500
715,500.0,AUTO,NONE,20,500
720,500.0,AUTO,NONE,20,500
725,500.0,AUTO,NONE,20,500
730,500.0,AUTO,NONE,20,500
735,500.0,AUTO,NONE,20,500
740,500.0,AUTO,NONE,20,500
745,500.0,AUTO,NONE,20,500
750,500.0,AUTO,NONE,20,500
755,500.0,AUTO,NONE,20,500
760,500.0,AUTO,NONE,20,500
765,500.0,AUTO,NONE,20,500
770,500.0,AUTO,NONE,20,500
775,500.0,AUTO,NONE,20,500
780,500.0,AUTO,NONE,20,500
785,500.0,AUTO,NONE,20,500
790,500.0,AUTO,NONE,20,500
795,500.0,AUTO,NONE,20,500
800,500.0,AUTO,NONE,20,500
805,500.0,AUTO,NONE,20,500
810,500.0,AUTO,NONE,20,500
815,500.0,AUTO,NONE,20,500
820,500.0,AUTO,NONE,20,500
825,500.0,AUTO,NONE,20,500
830,500.0,AUTO,NONE,20,500
835,500.0,AUTO,NONE,20,500
840,500.0,AUTO,NONE,20,500
845,500.0,AUTO,NONE,20,500
850,500.0,AUTO,NONE,20,500
855,500.0,AUTO,NONE,20,500
860,500.0,AUTO,NONE,20,500
865,500.0,AUTO,NONE,20,500
870,500.0,AUTO,NONE,20,500
875,500.0,AUTO,NONE,20,500
880,500.0,AUTO,NONE,20,500
885,500.0,AUTO,NONE,20,500
890,500.0,AUTO,NONE,20,500
895,500.0,AUTO,NONE,20,500
900,500.0,AUTO,NONE,20,500
905,502.5,AUTO,NONE,20,500.2
910,505.0,AUTO,NONE,20,500.6
915,507.5,AUTO,NONE,20,501.1
920,510.0,AUTO,NONE,20,501.8
925,512.5,AUTO,NONE,20,502.7
930,515.0,AUTO,NONE,20,503.7
935,517.5,AUTO,NONE,20,504.8
940,520.0,AUTO,NONE,20,506
945,522.5,AUTO,NONE,20,507.3
950,525.0,AUTO,NONE,20,508.7
955,527.5,AUTO,NONE,20,510.2
960,530.0,AUTO,NONE,20,511.8
965,532.5,AUTO,NONE,20,513.5
970,535.0,AUTO,NONE,20,515.2
975,537.5,AUTO,NONE,20,517
980,540.0,AUTO,NONE,20,518.8
985,542.5,AUTO,NONE,20,520.7
990,545.0,AUTO,NONE,20,522.7
995,547.5,AUTO,NONE,20,524.6
1000,550.0,AUTO,NONE,20,526.7
1005,552.5,AUTO,NONE,20,528.7
1010,555.0,AUTO,NONE,20,530.8
1015,557.5,AUTO,NONE,20,533
1020,560.0,AUTO,NONE,20,535.1
1025,562.5,AUTO,NONE,20,537.3
1030,565.0,AUTO,NONE,20,539.5
1035,567.5,AUTO,NONE,20,541.8
1040,570.0,AUTO,NONE,20,544
1045,572.5,AUTO,NONE,20,546.3
1050,575.0,AUTO,NONE,20,548.6
1055,577.5,AUTO,NONE,20,550.9
1060,580.0,AUTO,NONE,20,553.2
1065,582.5,AUTO,NONE,20,555.6
1070,585.0,AUTO,NONE,20,557.9
1075,587.5,AUTO,NONE,20,560.3
1080,590.0,AUTO,NONE,20,562.7
1085,592.5,AUTO,NONE,20,565.1
1090,595.0,AUTO,NONE,20,567.4
1095,597.5,AUTO,NONE,20,569.8
1100,600.0,AUTO,NONE,20,572.3
1105,602.5,AUTO,NONE,20,574.7
1110,605.0,AUTO,NONE,20,577.1
1115,607.5,AUTO,NONE,20,579.5
1120,610.0,AUTO,NONE,20,582
1125,612.5,AUTO,NONE,20,584.4
1130,615.0,AUTO,NONE,20,586.9
1135,617.5,AUTO,NONE,20,589.3
1140,620.0,AUTO,NONE,20,591.8
1145,622.5,AUTO,NONE,20,594.2
1150,625.0,AUTO,NONE,20,596.7
1155,627.5,AUTO,NONE,20,599.1
1160,630.0,AUTO,NONE,20,601.6
1165,632.5,AUTO,NONE,20,604.1
1170,635.0,AUTO,NONE,20,606.6
1175,637.5,AUTO,NONE,20,609
1180,640.0,AUTO,NONE,20,611.5
1185,642.5,AUTO,NONE,20,614
1190,645.0,AUTO,NONE,20,616.5
1195,647.5,AUTO,NONE,20,618.9
1200,650.0,AUTO,NONE,20,621.4
1205,652.5,AUTO,NONE,20,623.9
1210,655.0,AUTO,NONE,20,626.4
1215,657.5,AUTO,NONE,20,628.9
1220,660.0,AUTO,NONE,20,631.4
1225,662.5,AUTO,NONE,20,633.9
1230,665.0,AUTO,NONE,20,636.4
1235,667.5,AUTO,NONE,20,638.8
1240,670.0,AUTO,NONE,20,641.3
1245,672.5,AUTO,NONE,20,643.8
1250,675.0,AUTO,NONE,20,646.3
1255,677.5,AUTO,NONE,20,648.8
1260,680.0,AUTO,NONE,20,651.3
1265,682.5,AUTO,NONE,20,653.8
1270,685.0,AUTO,NONE,20,656.3
1275,687.5,AUTO,NONE,20,658.8
1280,690.0,AUTO,NONE,20,661.3
1285,692.5,AUTO,NONE,20,663.8
1290,695.0,AUTO,NONE,20,666.3
1295,697.5,AUTO,NONE,20,668.8
1300,700.0,AUTO,NONE,20,671.3
1305,702.5,AUTO,NONE,20,673.8
1310,705.0,AUTO,NONE,20,676.3
1315,707.5,AUTO,NONE,20,678.8
1320,710.0,AUTO,NONE,20,681.3
1325,712.5,AUTO,NONE,20,683.8
1330,715.0,AUTO,NONE,20,686.3
1335,717.5,AUTO,NONE,20,688.8
1340,720.0,AUTO,NONE,20,691.3
1345,722.5,AUTO,NONE,20,693.7
1350,725.0,AUTO,NONE,20,696.2
1355,727.5,AUTO,NONE,20,698.7
1360,730.0,AUTO,NONE,20,701.2
1365,732.5,AUTO,NONE,20,703.7
1370,735.0,AUTO,NONE,20,706.2
1375,737.5,AUTO,NONE,20,708.7
1380,740.0,AUTO,NONE,20,711.2
1385,742.5,AUTO,NONE,20,713.7
1390,745.0,AUTO,NONE,20,716.2
1395,747.5,AUTO,NONE,20,718.7
1400,750.0,AUTO,NONE,20,721.2
1405,752.5,AUTO,NONE,20,723.7
1410,755.0,AUTO,NONE,20,726.2
1415,757.5,AUTO,NONE,20,728.7
1420,760.0,AUTO,NONE,20,731.2
1425,762.5,AUTO,NONE,20,733.7
1430,765.0,AUTO,NONE,20,736.2
1435,767.5,AUTO,NONE,20,738.7
1440,770.0,AUTO,NONE,20,741.2
1445,772.5,AUTO,NONE,20,743.7
1450,775.0,AUTO,NONE,20,746.2
1455,777.5,AUTO,NONE,20,748.7
1460,780.0,AUTO,NONE,20,751.2
1465,782.5,AUTO,NONE,20,753.7
1470,785.0,AUTO,NONE,20,756.2
1475,787.5,AUTO,NONE,20,758.7
1480,790.0,AUTO,NONE,20,761.2
1485,792.5,AUTO,NONE,20,763.7
1490,795.0,AUTO,NONE,20,766.2
1495,797.5,AUTO,NONE,20,768.7
1500,800.0,AUTO,NONE,20,771.2
1505,802.5,AUTO,NONE,20,773.7
1510,805.0,AUTO,NONE,20,776.2
1515,807.5,AUTO,NONE,20,778.7
1520,810.0,AUTO,NONE,20,781.2
1525,812.5,AUTO,NONE,20,783.7
1530,815.0,AUTO,NONE,20,786.2
1535,817.5,AUTO,NONE,20,788.7
1540,820.0,AUTO,NONE,20,791.2
1545,822.5,AUTO,NONE,20,793.7
1550,825.0,AUTO,NONE,20,796.2
1555,827.5,AUTO,NONE,20,798.7
1560,830.0,AUTO,NONE,20,801.2
1565,832.5,AUTO,NONE,20,803.7
1570,835.0,AUTO,NONE,20,806.2
1575,837.5,AUTO,NONE,20,808.7
1580,840.0,AUTO,NONE,20,811.2
1585,842.5,AUTO,NONE,20,813.7
1590,845.0,AUTO,NONE,20,816.2
1595,847.5,AUTO,NONE,20,818.7
1600,850.0,AUTO,NONE,20,821.2
1605,852.5,AUTO,NONE,20,823.7
1610,855.0,AUTO,NONE,20,826.2
1615,857.5,AUTO,NONE,20,828.7
1620,860.0,AUTO,NONE,20,831.2
1625,862.5,AUTO,NONE,20,833.7
1630,865.0,AUTO,NONE,20,836.2
1635,867.5,AUTO,NONE,20,838.7
1640,870.0,AUTO,NONE,20,841.2
1645,872.5,AUTO,NONE,20,843.7
1650,875.0,AUTO,NONE,20,846.2
1655,877.5,AUTO,NONE,20,848.7
1660,880.0,AUTO,NONE,20,851.2
1665,882.5,AUTO,NONE,20,853.7
1670,885.0,AUTO,NONE,20,856.2
1675,887.5,AUTO,NONE,20,858.7
1680,890.0,AUTO,NONE,20,861.2
1685,892.5,AUTO,NONE,20,863.7
1690,895.0,AUTO,NONE,20,866.2
1695,897.5,AUTO,NONE,20,868.7
1700,900.0,AUTO,NONE,20,871.2
1705,902.5,AUTO,NONE,20,873.7
1710,905.0,AUTO,NONE,20,876.2
1715,907.5,AUTO,NONE,20,878.7
1720,910.0,AUTO,NONE,20,881.2
1725,912.5,AUTO,NONE,20,883.7
1730,915.0,AUTO,NONE,20,886.2
1735,917.5,AUTO,NONE,20,888.7
1740,920.0,AUTO,NONE,20,891.2
1745,922.5,AUTO,NONE,20,893.7
1750,925.0,AUTO,NONE,20,896.2
1755,927.5,AUTO,NONE,20,898.7
1760,930.0,AUTO,NONE,20,901.2
1765,932.5,AUTO,NONE,20,903.7
1770,935.0,AUTO,NONE,20,906.2
1775,937.5,AUTO,NONE,20,908.7
1780,940.0,AUTO,NONE,20,911.2
1785,942.5,AUTO,NONE,20,913.7
1790,945.0,AUTO,NONE,20,916.2
1795,947.5,AUTO,NONE,20,918.7
1800,950.0,AUTO,NONE,20,921.2
1805,952.5,AUTO,NONE,20,923.7
1810,955.0,AUTO,NONE,20,926.2
1815,957.5,AUTO,NONE,20,928.7
1820,960.0,AUTO,NONE,20,931.2
1825,962.5,AUTO,NONE,20,933.7
1830,965.0,AUTO,NONE,20,936.2
1835,967.5,AUTO,NONE,20,938.7
1840,970.0,AUTO,NONE,20,941.2
1845,972.5,AUTO,NONE,20,943.7
1850,975.0,AUTO,NONE,20,946.2
1855,977.5,AUTO,NONE,20,948.7
1860,980.0,AUTO,NONE,20,951.2
1865,982.5,AUTO,NONE,20,953.7
1870,985.0,AUTO,NONE,20,956.2
1875,987.5,AUTO,NONE,20,958.7
1880,990.0,AUTO,NONE,20,961.2
1885,992.5,AUTO,NONE,20,963.7
1890,995.0,AUTO,NONE,20,966.2
1895,997.5,AUTO,NONE,20,968.7
1900,1000.0,AUTO,NONE,20,971.2
1905,1002.5,AUTO,NONE,20,973.7
1910,1005.0,AUTO,NONE,20,976.2
1915,1007.5,AUTO,NONE,20,978.7
1920,1010.0,AUTO,NONE,20,981.2
1925,1012.5,AUTO,NONE,20,983.7
1930,1015.0,AUTO,NONE,20,986.2
1935,1017.5,AUTO,NONE,20,988.7
1940,1020.0,AUTO,NONE,20,991.2
1945,1022.5,AUTO,NONE,20,993.7
1950,1025.0,AUTO,NONE,20,996.2
1955,1027.5,AUTO,NONE,20,998.7
1960,1030.0,AUTO,NONE,20.101,1001.2
1965,1032.5,AUTO,NONE,20.307,1003.7
1970,1035.0,AUTO,NONE,20.518,1006.2
1975,1037.5,AUTO,NONE,20.733,1008.7
1980,1040.0,AUTO,NONE,20.953,1011.2
1985,1042.5,AUTO,NONE,21.177,1013.7
1990,1045.0,AUTO,NONE,21.406,1016.2
1995,1047.5,AUTO,NONE,21.638,1018.7
2000,1050.0,AUTO,NONE,21.876,1021.2
2005,1052.5,AUTO,NONE,22.117,1023.7
2010,1055.0,AUTO,NONE,22.363,1026.2
2015,1057.5,AUTO,NONE,22.613,1028.7
2020,1060.0,AUTO,NONE,22.868,1031.2
2025,1062.5,AUTO,NONE,23.127,1033.7
2030,1065.0,AUTO,NONE,23.39,1036.2
2035,1067.5,AUTO,NONE,23.658,1038.7
2040,1070.0,AUTO,NONE,23.93,1041.2
2045,1072.5,AUTO,NONE,24.207,1043.7
2050,1075.0,AUTO,NONE,24.488,1046.2
2055,1077.5,AUTO,NONE,24.773,1048.7
2060,1080.0,AUTO,NONE,25.063,1051.2
2065,1082.5,AUTO,NONE,25.357,1053.7
2070,1085.0,AUTO,NONE,25.655,1056.2
2075,1087.5,AUTO,NONE,25.958,1058.7
2080,1090.0,AUTO,NONE,26.265,1061.2
2085,1092.5,AUTO,NONE,26.577,1063.7
2090,1095.0,AUTO,NONE,26.892,1066.2
2095,1097.5,AUTO,NONE,27.213,1068.7
2100,1100.0,AUTO,NONE,27.537,1071.2
2105,1102.5,AUTO,NONE,27.866,1073.7
2110,1105.0,AUTO,NONE,28.2,1076.2
2115,1107.5,AUTO,NONE,28.538,1078.7
2120,1110.0,AUTO,NONE,28.88,1081.2
2125,1112.5,AUTO,NONE,29.226,1083.7
2130,1115.0,AUTO,NONE,29.577,1086.2
2135,1117.5,AUTO,NONE,29.933,1088.7
2140,1120.0,AUTO,NONE,30.292,1091.2
2145,1122.5,AUTO,NONE,30.656,1093.7
2150,1125.0,AUTO,NONE,31.025,1096.2
2155,1127.5,AUTO,NONE,31.397,1098.7
2160,1130.0,AUTO,NONE,31.775,1101.2
2165,1132.5,AUTO,NONE,32.156,1103.7
2170,1135.0,AUTO,NONE,32.542,1106.2
2175,1137.5,AUTO,NONE,32.932,1108.7
2180,1140.0,AUTO,NONE,33.327,1111.2
2185,1142.5,AUTO,NONE,33.726,1113.7
2190,1145.0,AUTO,NONE,34.129,1116.2
2195,1147.5,AUTO,NONE,34.537,1118.7
2200,1150.0,AUTO,NONE,34.949,1121.2
2205,1152.5,AUTO,NONE,35.366,1123.7
2210,1155.0,AUTO,NONE,35.787,1126.2
2215,1157.5,AUTO,NONE,36.212,1128.7
2220,1160.0,AUTO,NONE,36.642,1131.2
2225,1162.5,AUTO,NONE,37.076,1133.7
2230,1165.0,AUTO,NONE,37.514,1136.2
2235,1167.5,AUTO,NONE,37.957,1138.7
2240,1170.0,AUTO,NONE,38.404,1141.2
2245,1172.5,AUTO,NONE,38.856,1143.7
2250,1175.0,AUTO,NONE,39.312,1146.2
2255,1177.5,AUTO,NONE,39.772,1148.7
2260,1180.0,AUTO,NONE,40.236,1151.2
2265,1182.5,AUTO,NONE,40.705,1153.7
2270,1185.0,AUTO,NONE,41.179,1156.2
2275,1187.5,AUTO,NONE,41.657,1158.7
2280,1190.0,AUTO,NONE,42.139,1161.2
2285,1192.5,AUTO,NONE,42.625,1163.7
2290,1195.0,AUTO,NONE,43.116,1166.2
2295,1197.5,AUTO,NONE,43.612,1168.7
2300,1200.0,AUTO,NONE,44.111,1171.2
2305,1202.5,AUTO,NONE,44.615,1173.7
2310,1205.0,AUTO,NONE,45.124,1176.2
2315,1207.5,AUTO,NONE,45.636,1178.7
2320,1210.0,AUTO,NONE,46.154,1181.2
2325,1212.5,AUTO,NONE,46.675,1183.7
2330,1215.0,AUTO,NONE,47.201,1186.2
2335,1217.5,AUTO,NONE,47.731,1188.7
2340,1220.0,AUTO,NONE,48.266,1191.2
2345,1222.5,AUTO,NONE,48.805,1193.7
2350,1225.0,AUTO,NONE,49.348,1196.2
2355,1227.5,AUTO,NONE,49.896,1198.7
2360,1230.0,AUTO,NONE,50.448,1201.2
2365,1232.5,AUTO,NONE,51.005,1203.7
2370,1235.0,AUTO,NONE,51.566,1206.2
2375,1237.5,AUTO,NONE,52.131,1208.7
2380,1240.0,AUTO,NONE,52.701,1211.2
2385,1242.5,AUTO,NONE,53.275,1213.7
2390,1245.0,AUTO,NONE,53.853,1216.2
2395,1247.5,AUTO,NONE,54.436,1218.7
2400,1250.0,AUTO,NONE,55.023,1221.2
2405,1252.5,AUTO,NONE,55.615,1223.7
2410,1255.0,AUTO,NONE,56.211,1226.2
2415,1257.5,AUTO,NONE,56.811,1228.7
2420,1260.0,AUTO,NONE,57.415,1231.2
2425,1262.5,AUTO,NONE,58.025,1233.7
2430,1265.0,AUTO,NONE,58.638,1236.2
2435,1267.5,AUTO,NONE,59.256,1238.7
2440,1270.0,AUTO,NONE,59.878,1241.2
2445,1272.5,AUTO,NONE,60.504,1243.7
2450,1275.0,AUTO,NONE,61.135,1246.2
2455,1277.5,AUTO,NONE,61.771,1248.7
2460,1280.0,AUTO,NONE,62.41,1251.2
2465,1282.5,AUTO,NONE,63.054,1253.7
2470,1285.0,AUTO,NONE,63.703,1256.2
2475,1287.5,AUTO,NONE,64.355,1258.7
2480,1290.0,AUTO,NONE,65.013,1261.2
2485,1292.5,AUTO,NONE,65.674,1263.7
2490,1295.0,AUTO,NONE,66.34,1266.2
2495,1297.5,AUTO,NONE,67.01,1268.7
2500,1300.0,AUTO,NONE,67.685,1271.2
2505,1302.5,AUTO,NONE,68.364,1273.7
2510,1305.0,AUTO,NONE,69.047,1276.2
2515,1307.5,AUTO,NONE,69.735,1278.7
2520,1310.0,AUTO,NONE,70.427,1281.2
2525,1312.5,AUTO,NONE,71.124,1283.7
2530,1315.0,AUTO,NONE,71.825,1286.2
2535,1317.5,AUTO,NONE,72.53,1288.7
2540,1320.0,AUTO,NONE,73.24,1291.2
2545,1322.5,AUTO,NONE,73.954,1293.7
2550,1325.0,AUTO,NONE,74.672,1296.2
2555,1327.5,AUTO,NONE,75.395,1298.7
2560,1330.0,AUTO,NONE,76.122,1301.2
2565,1332.5,AUTO,NONE,76.854,1303.7
2570,1335.0,AUTO,NONE,77.59,1306.2
2575,1337.5,AUTO,NONE,78.33,1308.7
2580,1340.0,AUTO,NONE,79.075,1311.2
2585,1342.5,AUTO,NONE,79.824,1313.7
2590,1345.0,AUTO,NONE,80.577,1316.2
2595,1347.5,AUTO,NONE,81.335,1318.7
2600,1350.0,AUTO,NONE,82.097,1321.2
2605,1352.5,AUTO,NONE,82.863,1323.7
2610,1355.0,AUTO,NONE,83.634,1326.2
2615,1357.5,AUTO,NONE,84.41,1328.7
2620,1360.0,AUTO,NONE,85.189,1331.2
2625,1362.5,AUTO,NONE,85.973,1333.7
2630,1365.0,AUTO,NONE,86.762,1336.2
2635,1367.5,AUTO,NONE,87.554,1338.7
2640,1370.0,AUTO,NONE,88.352,1341.2
2645,1372.5,AUTO,NONE,89.153,1343.7
2650,1375.0,AUTO,NONE,89.959,1346.2
2655,1377.5,AUTO,NONE,90.769,1348.7
2660,1380.0,AUTO,NONE,91.584,1351.2
2665,1382.5,AUTO,NONE,92.403,1353.7
2670,1385.0,AUTO,NONE,93.226,1356.2
2675,1387.5,AUTO,NONE,94.054,1358.7
2680,1390.0,AUTO,NONE,94.886,1361.2
2685,1392.5,AUTO,NONE,95.723,1363.7
2690,1395.0,AUTO,NONE,96.564,1366.2
2695,1397.5,AUTO,NONE,97.409,1368.7
2700,1400.0,AUTO,NONE,98.259,1371.2
2705,1402.2,AUTO,NONE,99.111,1373.7
2710,1404.4,AUTO,NONE,99.966,1376.2
2715,1406.7,AUTO,NONE,100,1378.6
2720,1408.9,AUTO,NONE,100,1381
2725,1411.1,AUTO,NONE,100,1383.4
2730,1413.3,AUTO,NONE,100,1385.8
2735,1415.5,AUTO,NONE,100,1388.2
2740,1417.6,AUTO,NONE,100,1390.5
2745,1419.8,AUTO,NONE,100,1392.9
2750,1421.9,AUTO,NONE,100,1395.2
2755,1424.1,AUTO,NONE,100,1397.5
2760,1426.2,AUTO,NONE,100,1399.8
2765,1428.3,AUTO,NONE,100,1402.1
2770,1430.3,AUTO,NONE,100,1404.3
2775,1432.4,AUTO,NONE,100,1406.6
2780,1434.4,AUTO,NONE,100,1408.8
2785,1436.4,AUTO,NONE,100,1411
2790,1438.4,AUTO,NONE,100,1413.2
2795,1440.3,AUTO,NONE,100,1415.4
2800,1442.2,AUTO,NONE,100,1417.5
2805,1444.1,AUTO,NONE,100,1419.6
2810,1445.9,AUTO,NONE,100,1421.7
2815,1447.7,AUTO,NONE,100,1423.8
2820,1449.5,AUTO,NONE,100,1425.9
2825,1451.2,AUTO,NONE,100,1427.9
2830,1452.9,AUTO,NONE,100,1429.9
2835,1454.5,AUTO,NONE,100,1431.9
2840,1456.1,AUTO,NONE,100,1433.8
2845,1457.7,AUTO,NONE,100,1435.7
2850,1459.2,AUTO,NONE,100,1437.6
2855,1460.7,AUTO,NONE,100,1439.4
2860,1462.1,AUTO,NONE,100,1441.2
2865,1463.5,AUTO,NONE,100,1443
2870,1464.8,AUTO,NONE,100,1444.8
2875,1466.1,AUTO,NONE,100,1446.5
2880,1467.3,AUTO,NONE,100,1448.1
2885,1468.5,AUTO,NONE,100,1449.8
2890,1469.6,AUTO,NONE,100,1451.4
2895,1470.7,AUTO,NONE,100,1452.9
2900,1471.7,AUTO,NONE,100,1454.4
2905,1472.7,AUTO,NONE,100,1455.9
2910,1473.6,AUTO,NONE,100,1457.3
2915,1474.4,AUTO,NONE,100,1458.6
2920,1475.2,AUTO,NONE,100,1460
2925,1475.9,AUTO,NONE,100,1461.2
2930,1476.6,AUTO,NONE,100,1462.5
2935,1477.2,AUTO,NONE,100,1463.6
2940,1477.8,AUTO,NONE,100,1464.8
2945,1478.2,AUTO,NONE,100,1465.9
2950,1478.7,AUTO,NONE,100,1466.9
2955,1479.1,AUTO,NONE,100,1467.9
2960,1479.4,AUTO,NONE,100,1468.8
2965,1479.6,AUTO,NONE,100,1469.6
2970,1479.8,AUTO,NONE,100,1470.5
2975,1479.9,AUTO,NONE,100,1471.2
2980,1480.0,AUTO,NONE,100,1471.9
2985,1480.0,AUTO,NONE,100,1472.6
2990,1479.9,AUTO,NONE,100,1473.1
2995,1479.8,AUTO,NONE,100,1473.7
3000,1479.6,AUTO,NONE,100,1474.2
3005,1479.4,AUTO,NONE,100,1474.6
3010,1479.1,AUTO,NONE,100,1474.9
3015,1478.7,AUTO,NONE,100,1475.2
3020,1478.3,AUTO,NONE,100,1475.5
3025,1477.8,AUTO,NONE,100,1475.7
3030,1477.3,AUTO,NONE,100,1475.8
3035,1476.7,AUTO,NONE,100,1475.9
3040,1476.0,AUTO,NONE,100,1475.9
3045,1475.3,AUTO,NONE,100,1475.8
3050,1474.5,AUTO,NONE,100,1475.7
3055,1473.6,AUTO,NONE,100,1475.6
3060,1472.7,AUTO,NONE,100,1475.3
3065,1471.8,AUTO,NONE,100,1475
3070,1470.8,AUTO,NONE,100,1474.7
3075,1469.7,AUTO,NONE,100,1474.3
3080,1468.6,AUTO,NONE,100,1473.8
3085,1467.4,AUTO,NONE,100,1473.3
3090,1466.2,AUTO,NONE,100,1472.8
3095,1464.9,AUTO,NONE,100,1472.1
3100,1463.6,AUTO,NONE,100,1471.5
3105,1462.2,AUTO,NONE,100,1470.7
3110,1460.8,AUTO,NONE,100,1469.9
3115,1459.4,AUTO,NONE,100,1469.1
3120,1457.8,AUTO,NONE,100,1468.2
3125,1456.3,AUTO,NONE,100,1467.2
3130,1454.7,AUTO,NONE,100,1466.2
3135,1453.0,AUTO,NONE,100,1465.2
3140,1451.4,AUTO,NONE,100,1464.1
3145,1449.6,AUTO,NONE,100,1462.9
3150,1447.9,AUTO,NONE,100,1461.7
3155,1446.1,AUTO,NONE,100,1460.5
3160,1444.2,AUTO,NONE,100,1459.2
3165,1442.4,AUTO,NONE,100,1457.8
3170,1440.5,AUTO,NONE,100,1456.4
3175,1438.5,AUTO,NONE,100,1455
3180,1436.6,AUTO,NONE,100,1453.5
3185,1434.6,AUTO,NONE,100,1452
3190,1432.6,AUTO,NONE,100,1450.5
3195,1430.5,AUTO,NONE,100,1448.9
3200,1428.5,AUTO,NONE,100,1447.2
3205,1426.4,AUTO,NONE,100,1445.6
3210,1424.3,AUTO,NONE,100,1443.9
3215,1422.1,AUTO,NONE,100,1442.1
3220,1420.0,AUTO,NONE,100,1440.4
3225,1417.8,AUTO,NONE,100,1438.6
3230,1415.7,AUTO,NONE,100,1436.7
3235,1413.5,AUTO,NONE,100,1434.9
3240,1411.3,AUTO,NONE,100,1433
3245,1409.1,AUTO,NONE,100,1431.1
3250,1406.9,AUTO,NONE,100,1429.1
3255,1404.7,AUTO,NONE,100,1427.2
3260,1402.4,AUTO,NONE,100,1425.2
3265,1400.2,AUTO,NONE,100,1423.2
3270,1398.0,AUTO,NONE,100,1421.2
3275,1395.8,AUTO,NONE,100,1419.2
3280,1393.6,AUTO,NONE,100,1417.1
3285,1391.3,AUTO,NONE,100,1415.1
3290,1389.1,AUTO,NONE,100,1413
3295,1386.9,AUTO,NONE,100,1410.9
3300,1384.8,AUTO,NONE,100,1408.8
3305,1382.6,AUTO,NONE,100,1406.7
3310,1380.4,AUTO,NONE,100,1404.6
3315,1378.3,AUTO,NONE,100,1402.5
3320,1376.1,AUTO,NONE,100,1400.4
3325,1374.0,AUTO,NONE,100,1398.3
3330,1371.9,AUTO,NONE,100,1396.2
3335,1369.9,AUTO,NONE,100,1394.1
3340,1367.8,AUTO,NONE,100,1392
3345,1365.8,AUTO,NONE,100,1389.9
3350,1363.8,AUTO,NONE,100,1387.8
3355,1361.8,AUTO,NONE,100,1385.7
3360,1359.9,AUTO,NONE,100,1383.7
3365,1358.0,AUTO,NONE,100,1381.6
3370,1356.1,AUTO,NONE,100,1379.6
3375,1354.3,AUTO,NONE,100,1377.5
3380,1352.5,AUTO,NONE,99.916,1375.5
3385,1350.7,AUTO,NONE,99.757,1373.6
3390,1349.0,AUTO,NONE,99.6,1371.6
3395,1347.3,AUTO,NONE,99.444,1369.6
3400,1345.6,AUTO,NONE,99.934,1367.7
3405,1344.0,AUTO,NONE,99.782,1365.8
3410,1342.5,AUTO,NONE,99.633,1364
3415,1340.9,AUTO,NONE,99.485,1362.1
3420,1339.5,AUTO,NONE,99.971,1360.3
3425,1338.0,AUTO,NONE,99.829,1358.5
3430,1336.6,AUTO,NONE,99.689,1356.8
3435,1335.3,AUTO,NONE,99.551,1355.1
3440,1334.0,AUTO,NONE,99.417,1353.4
3445,1332.8,AUTO,NONE,99.901,1351.7
3450,1331.6,AUTO,NONE,99.772,1350.1
3455,1330.5,AUTO,NONE,99.646,1348.6
3460,1329.4,AUTO,NONE,99.524,1347
3465,1328.4,AUTO,NONE,99.405,1345.5
3470,1327.4,AUTO,NONE,99.891,1344.1
3475,1326.5,AUTO,NONE,99.779,1342.7
3480,1325.7,AUTO,NONE,99.67,1341.3
3485,1324.9,AUTO,NONE,99.565,1340
3490,1324.1,AUTO,NONE,99.464,1338.7
3495,1323.5,AUTO,NONE,99.957,1337.5
3500,1322.9,AUTO,NONE,99.863,1336.3
3505,1322.3,AUTO,NONE,99.773,1335.2
3510,1321.8,AUTO,NONE,99.687,1334.2
3515,1321.4,AUTO,NONE,99.605,1333.1
3520,1321.0,AUTO,NONE,99.527,1332.2
3525,1320.7,AUTO,NONE,99.454,1331.2
3530,1320.4,AUTO,NONE,99.963,1330.4
3535,1320.2,AUTO,NONE,99.898,1329.6
3540,1320.1,AUTO,NONE,99.837,1328.8
3545,1320.0,AUTO,NONE,99.781,1328.1
3550,1320.0,AUTO,NONE,99.729,1327.5
3555,1320.1,AUTO,NONE,99.682,1326.9
3560,1320.2,AUTO,NONE,99.639,1326.3
3565,1320.3,AUTO,NONE,99.601,1325.8
3570,1320.6,AUTO,NONE,99.567,1325.4
3575,1320.9,AUTO,NONE,99.538,1325.1
3580,1321.2,AUTO,NONE,99.514,1324.8
3585,1321.7,AUTO,NONE,99.494,1324.5
3590,1322.1,AUTO,NONE,99.479,1324.3
3595,1322.7,AUTO,NONE,99.468,1324.2
3600,1323.3,AUTO,NONE,99.463,1324.1
3605,1323.9,AUTO,NONE,99.461,1324.1
3610,1324.7,AUTO,NONE,99.465,1324.1
3615,1325.4,AUTO,NONE,99.473,1324.3
3620,1326.3,AUTO,NONE,99.486,1324.4
3625,1327.2,AUTO,NONE,99.504,1324.6
3630,1328.1,AUTO,NONE,99.526,1324.9
3635,1329.1,AUTO,NONE,99.553,1325.2
3640,1330.2,AUTO,NONE,99.584,1325.6
3645,1331.3,AUTO,NONE,99.621,1326.1
3650,1332.4,AUTO,NONE,99.661,1326.6
3655,1333.7,AUTO,NONE,99.706,1327.2
3660,1334.9,AUTO,NONE,99.756,1327.8
3665,1336.3,AUTO,NONE,99.81,1328.5
3670,1337.6,AUTO,NONE,99.869,1329.2
3675,1339.0,AUTO,NONE,99.932,1330
3680,1340.5,AUTO,NONE,99.999,1330.8
3685,1342.0,AUTO,NONE,100,1331.7
3690,1343.6,AUTO,NONE,100,1332.7
3695,1345.2,AUTO,NONE,100,1333.7
3700,1346.8,AUTO,NONE,100,1334.7
3705,1348.5,AUTO,NONE,100,1335.8
3710,1350.2,AUTO,NONE,100,1337
3715,1351.9,AUTO,NONE,100,1338.2
3720,1353.7,AUTO,NONE,100,1339.4
3725,1355.6,AUTO,NONE,100,1340.7
3730,1357.4,AUTO,NONE,100,1342
3735,1359.3,AUTO,NONE,100,1343.4
3740,1361.3,AUTO,NONE,100,1344.8
3745,1363.2,AUTO,NONE,100,1346.3
3750,1365.2,AUTO,NONE,100,1347.8
3755,1367.2,AUTO,NONE,100,1349.4
3760,1369.3,AUTO,NONE,100,1351
3765,1371.3,AUTO,NONE,100,1352.6
3770,1373.4,AUTO,NONE,100,1354.3
3775,1375.5,AUTO,NONE,100,1356
3780,1377.6,AUTO,NONE,100,1357.7
3785,1379.8,AUTO,NONE,100,1359.5
3790,1381.9,AUTO,NONE,100,1361.3
3795,1384.1,AUTO,NONE,100,1363.1
3800,1386.3,AUTO,NONE,100,1364.9
3805,1388.5,AUTO,NONE,100,1366.8
3810,1390.7,AUTO,NONE,100,1368.7
3815,1392.9,AUTO,NONE,100,1370.7
3820,1395.1,AUTO,NONE,100,1372.6
3825,1397.3,AUTO,NONE,100,1374.6
3830,1399.6,AUTO,NONE,100,1376.6
3835,1401.8,AUTO,NONE,100,1378.6
3840,1404.0,AUTO,NONE,100,1380.6
3845,1406.2,AUTO,NONE,100,1382.7
3850,1408.4,AUTO,NONE,100,1384.7
3855,1410.6,AUTO,NONE,100,1386.8
3860,1412.8,AUTO,NONE,100,1388.9
3865,1415.0,AUTO,NONE,100,1391
3870,1417.2,AUTO,NONE,100,1393.1
3875,1419.4,AUTO,NONE,100,1395.2
3880,1421.5,AUTO,NONE,100,1397.3
3885,1423.7,AUTO,NONE,100,1399.4
3890,1425.8,AUTO,NONE,100,1401.5
3895,1427.9,AUTO,NONE,100,1403.6
3900,1429.9,AUTO,NONE,100,1405.7
3905,1432.0,AUTO,NONE,100,1407.8
3910,1434.0,AUTO,NONE,100,1409.9
3915,1436.0,AUTO,NONE,100,1412
3920,1438.0,AUTO,NONE,100,1414.1
3925,1439.9,AUTO,NONE,100,1416.1
3930,1441.8,AUTO,NONE,100,1418.2
3935,1443.7,AUTO,NONE,100,1420.2
3940,1445.5,AUTO,NONE,100,1422.3
3945,1447.4,AUTO,NONE,100,1424.3
3950,1449.1,AUTO,NONE,100,1426.3
3955,1450.9,AUTO,NONE,100,1428.2
3960,1452.6,AUTO,NONE,100,1430.2
3965,1454.2,AUTO,NONE,100,1432.1
3970,1455.8,AUTO,NONE,100,1434
3975,1457.4,AUTO,NONE,100,1435.9
3980,1458.9,AUTO,NONE,100,1437.7
3985,1460.4,AUTO,NONE,100,1439.5
3990,1461.8,AUTO,NONE,100,1441.3
3995,1463.2,AUTO,NONE,100,1443.1
4000,1464.6,AUTO,NONE,100,1444.8
4005,1465.8,AUTO,NONE,100,1446.5
4010,1467.1,AUTO,NONE,100,1448.1
4015,1468.3,AUTO,NONE,100,1449.7
4020,1469.4,AUTO,NONE,100,1451.3
4025,1470.5,AUTO,NONE,100,1452.8
4030,1471.5,AUTO,NONE,100,1454.3
4035,1472.5,AUTO,NONE,100,1455.8
4040,1473.4,AUTO,NONE,100,1457.2
4045,1474.2,AUTO,NONE,100,1458.5
4050,1475.0,AUTO,NONE,100,1459.9
4055,1475.8,AUTO,NONE,100,1461.1
4060,1476.5,AUTO,NONE,100,1462.4
4065,1477.1,AUTO,NONE,100,1463.5
4070,1477.7,AUTO,NONE,100,1464.7
4075,1478.2,AUTO,NONE,100,1465.7
4080,1478.6,AUTO,NONE,100,1466.8
4085,1479.0,AUTO,NONE,100,1467.8
4090,1479.3,AUTO,NONE,100,1468.7
4095,1479.6,AUTO,NONE,100,1469.5
4100,1479.8,AUTO,NONE,100,1470.4
4105,1479.9,AUTO,NONE,100,1471.1
4110,1480.0,AUTO,NONE,100,1471.8
4115,1480.0,AUTO,NONE,100,1472.5
4120,1480.0,AUTO,NONE,100,1473.1
4125,1479.8,AUTO,NONE,100,1473.6
4130,1479.7,AUTO,NONE,100,1474.1
4135,1479.4,AUTO,NONE,100,1474.5
4140,1479.1,AUTO,NONE,100,1474.9
4145,1478.8,AUTO,NONE,100,1475.2
4150,1478.4,AUTO,NONE,100,1475.5
4155,1477.9,AUTO,NONE,100,1475.7
4160,1477.4,AUTO,NONE,100,1475.8
4165,1476.8,AUTO,NONE,100,1475.9
4170,1476.1,AUTO,NONE,100,1475.9
4175,1475.4,AUTO,NONE,100,1475.9
4180,1474.6,AUTO,NONE,100,1475.8
4185,1473.8,AUTO,NONE,100,1475.6
4190,1472.9,AUTO,NONE,100,1475.4
4195,1472.0,AUTO,NONE,100,1475.1
4200,1400.0,AUTO,NONE,100,1469.1
4205,1398.5,AUTO,NONE,100,1463.5
4210,1397.1,AUTO,NONE,100,1458.2
4215,1395.6,AUTO,NONE,100,1453.2
4220,1394.1,AUTO,NONE,100,1448.4
4225,1392.7,AUTO,NONE,100,1444
4230,1391.2,AUTO,NONE,100,1439.8
4235,1389.7,AUTO,NONE,100,1435.8
4240,1388.3,AUTO,NONE,100,1432
4245,1386.8,AUTO,NONE,100,1428.4
4250,1385.3,AUTO,NONE,100,1424.9
4255,1383.9,AUTO,NONE,100,1421.6
4260,1382.4,AUTO,NONE,100,1418.5
4265,1380.9,AUTO,NONE,100,1415.5
4270,1379.5,AUTO,NONE,100,1412.6
4275,1378.0,AUTO,NONE,100,1409.8
4280,1376.5,AUTO,NONE,100,1407.2
4285,1375.1,AUTO,NONE,100,1404.6
4290,1373.6,AUTO,NONE,100,1402.1
4295,1372.1,AUTO,NONE,100,1399.7
4300,1370.7,AUTO,NONE,100,1397.4
4305,1369.2,AUTO,NONE,100,1395.2
4310,1367.7,AUTO,NONE,100,1393
4315,1366.3,AUTO,NONE,100,1390.8
4320,1364.8,AUTO,NONE,100,1388.7
4325,1363.3,AUTO,NONE,100,1386.7
4330,1361.9,AUTO,NONE,100,1384.7
4335,1360.4,AUTO,NONE,100,1382.8
4340,1358.9,AUTO,NONE,100,1380.9
4345,1357.5,AUTO,NONE,100,1379
4350,1356.0,AUTO,NONE,100,1377.2
4355,1354.5,AUTO,NONE,100,1375.4
4360,1353.1,AUTO,NONE,100,1373.6
4365,1351.6,AUTO,NONE,100,1371.8
4370,1350.1,AUTO,NONE,100,1370.1
4375,1348.7,AUTO,NONE,100,1368.4
4380,1347.2,AUTO,NONE,100,1366.7
4385,1345.7,AUTO,NONE,100,1365
4390,1344.3,AUTO,NONE,100,1363.3
4395,1342.8,AUTO,NONE,100,1361.7
4400,1341.3,AUTO,NONE,100,1360.1
4405,1339.9,AUTO,NONE,100,1358.5
4410,1338.4,AUTO,NONE,100,1356.9
4415,1336.9,AUTO,NONE,100,1355.3
4420,1335.5,AUTO,NONE,100,1353.7
4425,1334.0,AUTO,NONE,100,1352.1
4430,1332.5,AUTO,NONE,100,1350.5
4435,1331.1,AUTO,NONE,100,1349
4440,1329.6,AUTO,NONE,100,1347.4
4445,1328.1,AUTO,NONE,100,1345.9
4450,1326.7,AUTO,NONE,100,1344.4
4455,1325.2,AUTO,NONE,100,1342.8
4460,1323.7,AUTO,NONE,100,1341.3
4465,1322.3,AUTO,NONE,100,1339.8
4470,1320.8,AUTO,NONE,100,1338.3
4475,1319.3,AUTO,NONE,100,1336.7
4480,1317.9,AUTO,NONE,100,1335.2
4485,1316.4,AUTO,NONE,100,1333.7
4490,1314.9,AUTO,NONE,100,1332.2
4495,1313.5,AUTO,NONE,99.991,1330.7
4500,1312.0,AUTO,NONE,99.871,1329.2
4505,1310.5,AUTO,NONE,99.752,1327.7
4510,1309.1,AUTO,NONE,99.632,1326.2
4515,1307.6,AUTO,NONE,99.513,1324.8
4520,1306.1,AUTO,NONE,99.96,1323.3
4525,1304.7,AUTO,NONE,99.841,1321.8
4530,1303.2,AUTO,NONE,99.722,1320.3
4535,1301.7,AUTO,NONE,99.603,1318.8
4540,1300.3,AUTO,NONE,99.485,1317.3
4545,1298.8,AUTO,NONE,99.919,1315.8
4550,1297.3,AUTO,NONE,99.8,1314.4
4555,1295.9,AUTO,NONE,99.682,1312.9
4560,1294.4,AUTO,NONE,99.564,1311.4
4565,1292.9,AUTO,NONE,99.988,1309.9
4570,1291.5,AUTO,NONE,99.87,1308.5
4575,1290.0,AUTO,NONE,99.752,1307
4580,1288.5,AUTO,NONE,99.634,1305.5
4585,1287.1,AUTO,NONE,99.516,1304
4590,1285.6,AUTO,NONE,99.928,1302.6
4595,1284.1,AUTO,NONE,99.81,1301.1
4600,1282.7,AUTO,NONE,99.692,1299.6
4605,1281.2,AUTO,NONE,99.574,1298.1
4610,1279.7,AUTO,NONE,99.976,1296.7
4615,1278.3,AUTO,NONE,99.858,1295.2
4620,1276.8,AUTO,NONE,99.74,1293.7
4625,1275.3,AUTO,NONE,99.623,1292.3
4630,1273.9,AUTO,NONE,99.505,1290.8
4635,1272.4,AUTO,NONE,99.894,1289.3
4640,1270.9,AUTO,NONE,99.776,1287.8
4645,1269.5,AUTO,NONE,99.659,1286.4
4650,1268.0,AUTO,NONE,99.541,1284.9
4655,1266.5,AUTO,NONE,99.92,1283.4
4660,1265.1,AUTO,NONE,99.802,1282
4665,1263.6,AUTO,NONE,99.685,1280.5
4670,1262.1,AUTO,NONE,99.567,1279
4675,1260.7,AUTO,NONE,99.936,1277.6
4680,1259.2,AUTO,NONE,99.818,1276.1
4685,1257.7,AUTO,NONE,99.701,1274.6
4690,1256.3,AUTO,NONE,99.583,1273.2
4695,1254.8,AUTO,NONE,99.941,1271.7
4700,1253.3,AUTO,NONE,99.824,1270.2
4705,1251.9,AUTO,NONE,99.706,1268.8
4710,1250.4,AUTO,NONE,99.589,1267.3
4715,1248.9,AUTO,NONE,99.937,1265.8
4720,1247.5,AUTO,NONE,99.819,1264.4
4725,1246.0,AUTO,NONE,99.702,1262.9
4730,1244.5,AUTO,NONE,99.585,1261.4
4735,1243.1,AUTO,NONE,99.922,1260
4740,1241.6,AUTO,NONE,99.805,1258.5
4745,1240.1,AUTO,NONE,99.687,1257
4750,1238.7,AUTO,NONE,99.57,1255.5
4755,1237.2,AUTO,NONE,99.897,1254.1
4760,1235.7,AUTO,NONE,99.78,1252.6
4765,1234.3,AUTO,NONE,99.663,1251.1
4770,1232.8,AUTO,NONE,99.982,1249.7
4775,1231.3,AUTO,NONE,99.865,1248.2
4780,1229.9,AUTO,NONE,99.747,1246.7
4785,1228.4,AUTO,NONE,99.63,1245.3
4790,1226.9,AUTO,NONE,99.939,1243.8
4795,1225.5,AUTO,NONE,99.822,1242.3
4800,1224.0,AUTO,NONE,99.705,1240.9
4805,1222.5,AUTO,NONE,99.587,1239.4
4810,1221.1,AUTO,NONE,99.886,1237.9
4815,1219.6,AUTO,NONE,99.769,1236.5
4820,1218.1,AUTO,NONE,99.652,1235
4825,1216.7,AUTO,NONE,99.943,1233.5
4830,1215.2,AUTO,NONE,99.826,1232.1
4835,1213.7,AUTO,NONE,99.708,1230.6
4840,1212.3,AUTO,NONE,99.992,1229.1
4845,1210.8,AUTO,NONE,99.875,1227.7
4850,1209.3,AUTO,NONE,99.757,1226.2
4855,1207.9,AUTO,NONE,99.64,1224.7
4860,1206.4,AUTO,NONE,99.913,1223.3
4865,1204.9,AUTO,NONE,99.796,1221.8
4870,1203.5,AUTO,NONE,99.679,1220.3
4875,1202.0,AUTO,NONE,99.944,1218.9
4880,1200.5,AUTO,NONE,99.827,1217.4
4885,1199.1,AUTO,NONE,99.71,1215.9
4890,1197.6,AUTO,NONE,99.968,1214.5
4895,1196.1,AUTO,NONE,99.85,1213
4900,1194.7,AUTO,NONE,99.733,1211.5
4905,1193.2,AUTO,NONE,99.983,1210.1
4910,1191.7,AUTO,NONE,99.866,1208.6
4915,1190.3,AUTO,NONE,99.749,1207.1
4920,1188.8,AUTO,NONE,99.991,1205.7
4925,1187.3,AUTO,NONE,99.874,1204.2
4930,1185.9,AUTO,NONE,99.757,1202.7
4935,1184.4,AUTO,NONE,99.992,1201.3
4940,1182.9,AUTO,NONE,99.874,1199.8
4945,1181.5,AUTO,NONE,99.757,1198.3
4950,1180.0,AUTO,NONE,99.984,1196.9
4955,1178.5,AUTO,NONE,99.867,1195.4
4960,1177.1,AUTO,NONE,99.749,1193.9
4965,1175.6,AUTO,NONE,99.969,1192.5
4970,1174.1,AUTO,NONE,99.852,1191
4975,1172.7,AUTO,NONE,99.734,1189.5
4980,1171.2,AUTO,NONE,99.946,1188.1
4985,1169.7,AUTO,NONE,99.829,1186.6
4990,1168.3,AUTO,NONE,99.711,1185.1
4995,1166.8,AUTO,NONE,99.915,1183.7
5000,1165.3,AUTO,NONE,99.798,1182.2
5005,1163.9,AUTO,NONE,99.997,1180.7
5010,1162.4,AUTO,NONE,99.88,1179.3
5015,1160.9,AUTO,NONE,99.762,1177.8
5020,1159.5,AUTO,NONE,99.954,1176.3
5025,1158.0,AUTO,NONE,99.836,1174.9
5030,1156.5,AUTO,NONE,99.719,1173.4
5035,1155.1,AUTO,NONE,99.903,1171.9
5040,1153.6,AUTO,NONE,99.785,1170.5
5045,1152.1,AUTO,NONE,99.964,1169
5050,1150.7,AUTO,NONE,99.846,1167.5
5055,1149.2,AUTO,NONE,99.729,1166.1
5060,1147.7,AUTO,NONE,99.9,1164.6
5065,1146.3,AUTO,NONE,99.782,1163.1
5070,1144.8,AUTO,NONE,99.948,1161.7
5075,1143.3,AUTO,NONE,99.831,1160.2
5080,1141.9,AUTO,NONE,99.991,1158.7
5085,1140.4,AUTO,NONE,99.874,1157.3
5090,1138.9,AUTO,NONE,99.756,1155.8
5095,1137.5,AUTO,NONE,99.909,1154.3
5100,1136.0,AUTO,NONE,99.792,1152.9
5105,1134.5,AUTO,NONE,99.94,1151.4
5110,1133.1,AUTO,NONE,99.822,1149.9
5115,1131.6,AUTO,NONE,99.965,1148.5
5120,1130.1,AUTO,NONE,99.847,1147
5125,1128.7,AUTO,NONE,99.985,1145.5
5130,1127.2,AUTO,NONE,99.867,1144.1
5135,1125.7,AUTO,NONE,100,1142.6
5140,1124.3,AUTO,NONE,99.882,1141.1
5145,1122.8,AUTO,NONE,99.765,1139.7
5150,1121.3,AUTO,NONE,99.89,1138.2
5155,1119.9,AUTO,NONE,99.772,1136.7
5160,1118.4,AUTO,NONE,99.892,1135.3
5165,1116.9,AUTO,NONE,99.774,1133.8
5170,1115.5,AUTO,NONE,99.889,1132.3
5175,1114.0,AUTO,NONE,99.771,1130.9
5180,1112.5,AUTO,NONE,99.88,1129.4
5185,1111.1,AUTO,NONE,99.987,1127.9
5190,1109.6,AUTO,NONE,99.87,1126.5
5195,1108.1,AUTO,NONE,99.971,1125
5200,1106.7,AUTO,NONE,99.854,1123.5
5205,1105.2,AUTO,NONE,99.95,1122.1
5210,1103.7,AUTO,NONE,99.833,1120.6
5215,1102.3,AUTO,NONE,99.924,1119.1
5220,1100.8,AUTO,NONE,99.806,1117.7
5225,1099.3,AUTO,NONE,99.892,1116.2
5230,1097.9,AUTO,NONE,99.976,1114.7
5235,1096.4,AUTO,NONE,99.859,1113.3
5240,1094.9,AUTO,NONE,99.937,1111.8
5245,1093.5,AUTO,NONE,99.82,1110.3
5250,1092.0,AUTO,NONE,99.893,1108.9
5255,1090.5,AUTO,NONE,99.963,1107.4
5260,1089.1,AUTO,NONE,99.846,1105.9
5265,1087.6,AUTO,NONE,99.912,1104.5
5270,1086.1,AUTO,NONE,99.975,1103
5275,1084.7,AUTO,NONE,99.857,1101.5
5280,1083.2,AUTO,NONE,99.915,1100.1
5285,1081.7,AUTO,NONE,99.97,1098.6
5290,1080.3,AUTO,NONE,99.853,1097.1
5295,1078.8,AUTO,NONE,99.903,1095.7
5300,1077.3,AUTO,NONE,99.951,1094.2
5305,1075.9,AUTO,NONE,99.996,1092.7
5310,1074.4,AUTO,NONE,99.878,1091.3
5315,1072.9,AUTO,NONE,99.918,1089.8
5320,1071.5,AUTO,NONE,99.955,1088.3
5325,1070.0,AUTO,NONE,99.99,1086.9
5330,1068.5,AUTO,NONE,99.873,1085.4
5335,1067.1,AUTO,NONE,99.902,1083.9
5340,1065.6,AUTO,NONE,99.929,1082.5
5345,1064.1,AUTO,NONE,99.954,1081
5350,1062.7,AUTO,NONE,99.976,1079.5
5355,1061.2,AUTO,NONE,99.995,1078.1
5360,1059.7,AUTO,NONE,99.878,1076.6
5365,1058.3,AUTO,NONE,99.892,1075.1
5370,1056.8,AUTO,NONE,99.903,1073.7
5375,1055.3,AUTO,NONE,99.912,1072.2
5380,1053.9,AUTO,NONE,99.919,1070.7
5385,1052.4,AUTO,NONE,99.923,1069.3
5390,1050.9,AUTO,NONE,99.924,1067.8
5395,1049.5,AUTO,NONE,99.923,1066.3
5400,1048.0,AUTO,NONE,99.919,1064.9
5405,1046.5,AUTO,NONE,99.913,1063.4
5410,1045.1,AUTO,NONE,99.904,1061.9
5415,1043.6,AUTO,NONE,99.892,1060.5
5420,1042.1,AUTO,NONE,99.878,1059
5425,1040.7,AUTO,NONE,99.861,1057.5
5430,1039.2,AUTO,NONE,99.842,1056.1
5435,1037.7,AUTO,NONE,99.821,1054.6
5440,1036.3,AUTO,NONE,99.796,1053.1
5445,1034.8,AUTO,NONE,99.769,1051.7
5450,1033.3,AUTO,NONE,99.74,1050.2
5455,1031.9,AUTO,NONE,99.708,1048.7
5460,1030.4,AUTO,NONE,99.673,1047.3
5465,1028.9,AUTO,NONE,99.636,1045.8
5470,1027.5,AUTO,NONE,99.596,1044.3
5475,1026.0,AUTO,NONE,99.554,1042.9
5480,1024.5,AUTO,NONE,99.509,1041.4
5485,1023.1,AUTO,NONE,99.462,1039.9
5490,1021.6,AUTO,NONE,99.412,1038.5
5495,1020.1,AUTO,NONE,99.359,1037
5500,1018.7,AUTO,NONE,99.304,1035.5
5505,1017.2,AUTO,NONE,99.246,1034.1
5510,1015.7,AUTO,NONE,99.186,1032.6
5515,1014.3,AUTO,NONE,99.123,1031.1
5520,1012.8,AUTO,NONE,99.058,1029.7
5525,1011.3,AUTO,NONE,98.99,1028.2
5530,1009.9,AUTO,NONE,98.919,1026.7
5535,1008.4,AUTO,NONE,98.846,1025.3
5540,1006.9,AUTO,NONE,98.771,1023.8
5545,1005.5,AUTO,NONE,98.692,1022.3
5550,1004.0,AUTO,NONE,98.612,1020.9
5555,1002.5,AUTO,NONE,98.528,1019.4
5560,1001.1,AUTO,NONE,98.442,1017.9
5565,999.6,AUTO,NONE,98.354,1016.5
5570,998.1,AUTO,NONE,98.263,1015
5575,996.7,AUTO,NONE,98.169,1013.5
5580,995.2,AUTO,NONE,98.073,1012.1
5585,993.7,AUTO,NONE,97.974,1010.6
5590,992.3,AUTO,NONE,97.873,1009.1
5595,990.8,AUTO,NONE,97.769,1007.7
5600,989.3,AUTO,NONE,97.662,1006.2
5605,987.9,AUTO,NONE,97.553,1004.7
5610,986.4,AUTO,NONE,97.442,1003.3
5615,984.9,AUTO,NONE,97.328,1001.8
5620,983.5,AUTO,NONE,97.211,1000.3
5625,982.0,AUTO,NONE,97.092,998.9
5630,980.5,AUTO,NONE,96.97,997.4
5635,979.1,AUTO,NONE,96.845,995.9
5640,977.6,AUTO,NONE,96.718,994.5
5645,976.1,AUTO,NONE,96.589,993
5650,974.7,AUTO,NONE,96.457,991.5
5655,973.2,AUTO,NONE,96.322,990.1
5660,971.7,AUTO,NONE,96.185,988.6
5665,970.3,AUTO,NONE,96.045,987.1
5670,968.8,AUTO,NONE,95.902,985.7
5675,967.3,AUTO,NONE,95.757,984.2
5680,965.9,AUTO,NONE,95.61,982.7
5685,964.4,AUTO,NONE,95.46,981.3
5690,962.9,AUTO,NONE,95.307,979.8
5695,961.5,AUTO,NONE,95.152,978.3
5700,960.0,AUTO,NONE,94.994,976.9
5705,958.5,AUTO,NONE,94.834,975.4
5710,957.1,AUTO,NONE,94.671,973.9
5715,955.6,AUTO,NONE,94.505,972.5
5720,954.1,AUTO,NONE,94.337,971
5725,952.7,AUTO,NONE,94.167,969.5
5730,951.2,AUTO,NONE,93.993,968.1
5735,949.7,AUTO,NONE,93.818,966.6
5740,948.3,AUTO,NONE,93.639,965.1
5745,946.8,AUTO,NONE,93.458,963.7
5750,945.3,AUTO,NONE,93.275,962.2
5755,943.9,AUTO,NONE,93.089,960.7
5760,942.4,AUTO,NONE,92.9,959.3
5765,940.9,AUTO,NONE,92.709,957.8
5770,939.5,AUTO,NONE,92.515,956.3
5775,938.0,AUTO,NONE,92.319,954.9
5780,936.5,AUTO,NONE,92.12,953.4
5785,935.1,AUTO,NONE,91.919,951.9
5790,933.6,AUTO,NONE,91.715,950.5
5795,932.1,AUTO,NONE,91.508,949
5800,930.7,AUTO,NONE,91.299,947.5
5805,929.2,AUTO,NONE,91.087,946.1
5810,927.7,AUTO,NONE,90.873,944.6
5815,926.3,AUTO,NONE,90.656,943.1
5820,924.8,AUTO,NONE,90.437,941.7
5825,923.3,AUTO,NONE,90.215,940.2
5830,921.9,AUTO,NONE,89.99,938.7
5835,920.4,AUTO,NONE,89.763,937.3
5840,918.9,AUTO,NONE,89.534,935.8
5845,917.5,AUTO,NONE,89.301,934.3
5850,916.0,AUTO,NONE,89.067,932.9
5855,914.5,AUTO,NONE,88.829,931.4
5860,913.1,AUTO,NONE,88.589,929.9
5865,911.6,AUTO,NONE,88.347,928.5
5870,910.1,AUTO,NONE,88.102,927
5875,908.7,AUTO,NONE,87.854,925.5
5880,907.2,AUTO,NONE,87.604,924.1
5885,905.7,AUTO,NONE,87.351,922.6
5890,904.3,AUTO,NONE,87.096,921.1
5895,902.8,AUTO,NONE,86.838,919.7
5900,901.3,AUTO,NONE,86.577,918.2
5905,899.9,AUTO,NONE,86.314,916.7
5910,898.4,AUTO,NONE,86.049,915.3
5915,896.9,AUTO,NONE,85.781,913.8
5920,895.5,AUTO,NONE,85.51,912.3
5925,894.0,AUTO,NONE,85.237,910.9
5930,892.5,AUTO,NONE,84.961,909.4
5935,891.1,AUTO,NONE,84.682,907.9
5940,889.6,AUTO,NONE,84.401,906.5
5945,888.1,AUTO,NONE,84.118,905
5950,886.7,AUTO,NONE,83.832,903.5
5955,885.2,AUTO,NONE,83.543,902.1
5960,883.7,AUTO,NONE,83.252,900.6
5965,882.3,AUTO,NONE,82.958,899.1
5970,880.8,AUTO,NONE,82.661,897.7
5975,879.3,AUTO,NONE,82.362,896.2
5980,877.9,AUTO,NONE,82.061,894.7
5985,876.4,AUTO,NONE,81.757,893.3
5990,874.9,AUTO,NONE,81.45,891.8
5995,873.5,AUTO,NONE,81.141,890.3
6000,872.0,AUTO,NONE,80.829,888.9
6005,870.5,AUTO,NONE,80.515,887.4
6010,869.1,AUTO,NONE,80.198,885.9
6015,867.6,AUTO,NONE,79.878,884.5
6020,866.1,AUTO,NONE,79.556,883
6025,864.7,AUTO,NONE,79.232,881.5
6030,863.2,AUTO,NONE,78.904,880.1
6035,861.7,AUTO,NONE,78.575,878.6
6040,860.3,AUTO,NONE,78.242,877.1
6045,858.8,AUTO,NONE,77.907,875.7
6050,857.3,AUTO,NONE,77.57,874.2
6055,855.9,AUTO,NONE,77.23,872.7
6060,854.4,AUTO,NONE,76.887,871.3
6065,852.9,AUTO,NONE,76.542,869.8
6070,851.5,AUTO,NONE,76.194,868.3
6075,850.0,AUTO,NONE,75.844,866.9
6080,848.5,AUTO,NONE,75.491,865.4
6085,847.1,AUTO,NONE,75.136,863.9
6090,845.6,AUTO,NONE,74.778,862.5
6095,844.1,AUTO,NONE,74.417,861
6100,842.7,AUTO,NONE,74.054,859.5
6105,841.2,AUTO,NONE,73.688,858.1
6110,839.7,AUTO,NONE,73.32,856.6
6115,838.3,AUTO,NONE,72.949,855.1
6120,836.8,AUTO,NONE,72.576,853.7
6125,835.3,AUTO,NONE,72.2,852.2
6130,833.9,AUTO,NONE,71.821,850.7
6135,832.4,AUTO,NONE,71.44,849.3
6140,830.9,AUTO,NONE,71.057,847.8
6145,829.5,AUTO,NONE,70.67,846.3
6150,828.0,AUTO,NONE,70.282,844.9
6155,826.5,AUTO,NONE,69.89,843.4
6160,825.1,AUTO,NONE,69.496,841.9
6165,823.6,AUTO,NONE,69.1,840.5
6170,822.1,AUTO,NONE,68.701,839
6175,820.7,AUTO,NONE,68.299,837.5
6180,819.2,AUTO,NONE,67.895,836.1
6185,817.7,AUTO,NONE,67.488,834.6
6190,816.3,AUTO,NONE,67.079,833.1
6195,814.8,AUTO,NONE,66.667,831.7
6200,813.3,AUTO,NONE,66.253,830.2
6205,811.9,AUTO,NONE,65.835,828.7
6210,810.4,AUTO,NONE,65.416,827.3
6215,808.9,AUTO,NONE,64.994,825.8
6220,807.5,AUTO,NONE,64.569,824.3
6225,806.0,AUTO,NONE,64.142,822.9
6230,804.5,AUTO,NONE,63.712,821.4
6235,803.1,AUTO,NONE,63.279,819.9
6240,801.6,AUTO,NONE,62.844,818.5
6245,800.1,AUTO,NONE,62.407,817
6250,798.7,AUTO,NONE,61.967,815.5
6255,797.2,AUTO,NONE,61.524,814.1
6260,795.7,AUTO,NONE,61.079,812.6
6265,794.3,AUTO,NONE,60.631,811.1
6270,792.8,AUTO,NONE,60.18,809.7
6275,791.3,AUTO,NONE,59.728,808.2
6280,789.9,AUTO,NONE,59.272,806.7
6285,788.4,AUTO,NONE,58.814,805.3
6290,786.9,AUTO,NONE,58.353,803.8
6295,785.5,AUTO,NONE,57.89,802.3
6300,784.0,AUTO,NONE,57.424,800.9
6305,782.5,AUTO,NONE,56.956,799.4
6310,781.1,AUTO,NONE,56.485,797.9
6315,779.6,AUTO,NONE,56.011,796.5
6320,778.1,AUTO,NONE,55.535,795
6325,776.7,AUTO,NONE,55.057,793.5
6330,775.2,AUTO,NONE,54.575,792.1
6335,773.7,AUTO,NONE,54.092,790.6
6340,772.3,AUTO,NONE,53.605,789.1
6345,770.8,AUTO,NONE,53.117,787.7
6350,769.3,AUTO,NONE,52.625,786.2
6355,767.9,AUTO,NONE,52.131,784.7
6360,766.4,AUTO,NONE,51.634,783.3
6365,764.9,AUTO,NONE,51.135,781.8
6370,763.5,AUTO,NONE,50.634,780.3
6375,762.0,AUTO,NONE,50.129,778.9
6380,760.5,AUTO,NONE,49.622,777.4
6385,759.1,AUTO,NONE,49.113,775.9
6390,757.6,AUTO,NONE,48.601,774.5
6395,756.1,AUTO,NONE,48.086,773
6400,754.7,AUTO,NONE,47.569,771.5
6405,753.2,AUTO,NONE,47.05,770.1
6410,751.7,AUTO,NONE,46.527,768.6
6415,750.3,AUTO,NONE,46.002,767.1
6420,748.8,AUTO,NONE,45.475,765.7
6425,747.3,AUTO,NONE,44.945,764.2
6430,745.9,AUTO,NONE,44.413,762.7
6435,744.4,AUTO,NONE,43.877,761.3
6440,742.9,AUTO,NONE,43.34,759.8
6445,741.5,AUTO,NONE,42.8,758.3
6450,740.0,AUTO,NONE,42.257,756.9
6455,738.5,AUTO,NONE,41.711,755.4
6460,737.1,AUTO,NONE,41.163,753.9
6465,735.6,AUTO,NONE,40.613,752.5
6470,734.1,AUTO,NONE,40.06,751
6475,732.7,AUTO,NONE,39.504,749.5
6480,731.2,AUTO,NONE,38.946,748.1
6485,729.7,AUTO,NONE,38.385,746.6
6490,728.3,AUTO,NONE,37.822,745.1
6495,726.8,AUTO,NONE,37.256,743.7
6500,725.3,AUTO,NONE,36.688,742.2
6505,723.9,AUTO,NONE,36.117,740.7
6510,722.4,AUTO,NONE,35.543,739.3
6515,720.9,AUTO,NONE,34.967,737.8
6520,719.5,AUTO,NONE,34.388,736.3
6525,718.0,AUTO,NONE,33.807,734.9
6530,716.5,AUTO,NONE,33.223,733.4
6535,715.1,AUTO,NONE,32.636,731.9
6540,713.6,AUTO,NONE,32.047,730.5
6545,712.1,AUTO,NONE,31.456,729
6550,710.7,AUTO,NONE,30.862,727.5
6555,709.2,AUTO,NONE,30.265,726.1
6560,707.7,AUTO,NONE,29.666,724.6
6565,706.3,AUTO,NONE,29.064,723.1
6570,704.8,AUTO,NONE,28.46,721.7
6575,703.3,AUTO,NONE,27.853,720.2
6580,701.9,AUTO,NONE,27.243,718.7
6585,700.4,AUTO,NONE,26.631,717.3
6590,698.9,AUTO,NONE,26.016,715.8
6595,697.5,AUTO,NONE,25.399,714.3
6600,696.0,AUTO,NONE,24.779,712.9
6605,694.5,AUTO,NONE,24.157,711.4
6610,693.1,AUTO,NONE,23.532,709.9
6615,691.6,AUTO,NONE,22.904,708.5
6620,690.1,AUTO,NONE,22.274,707
6625,688.7,AUTO,NONE,21.642,705.5
6630,687.2,AUTO,NONE,21.007,704.1
6635,685.7,AUTO,NONE,20.369,702.6
6640,684.3,AUTO,NONE,20.251,701.1
6645,682.8,AUTO,NONE,20.134,699.7
6650,681.3,AUTO,NONE,20.017,698.2
6655,679.9,AUTO,NONE,20,696.7
6660,678.4,AUTO,NONE,20,695.3
6665,676.9,AUTO,NONE,20,693.8
6670,675.5,AUTO,NONE,20,692.3
6675,674.0,AUTO,NONE,20,690.9
6680,672.5,AUTO,NONE,20,689.4
6685,671.1,AUTO,NONE,20,687.9
6690,669.6,AUTO,NONE,20,686.5
6695,668.1,AUTO,NONE,20,685
6700,666.7,AUTO,NONE,20,683.5
6705,665.2,AUTO,NONE,20,682.1
6710,663.7,AUTO,NONE,20,680.6
6715,662.3,AUTO,NONE,20,679.1
6720,660.8,AUTO,NONE,20,677.7
6725,659.3,AUTO,NONE,20,676.2
6730,657.9,AUTO,NONE,20,674.7
6735,656.4,AUTO,NONE,20,673.3
6740,654.9,AUTO,NONE,20,671.8
6745,653.5,AUTO,NONE,20,670.3
6750,652.0,AUTO,NONE,20,668.9
6755,650.5,AUTO,NONE,20,667.4
6760,649.1,AUTO,NONE,20,665.9
6765,647.6,AUTO,NONE,20,664.5
6770,646.1,AUTO,NONE,20,663
6775,644.7,AUTO,NONE,20,661.5
6780,643.2,AUTO,NONE,20,660.1
6785,641.7,AUTO,NONE,20,658.6
6790,640.3,AUTO,NONE,20,657.1
6795,638.8,AUTO,NONE,20,655.7
6800,637.3,AUTO,NONE,20,654.2
6805,635.9,AUTO,NONE,20,652.7
6810,634.4,AUTO,NONE,20,651.3
6815,632.9,AUTO,NONE,20,649.8
6820,631.5,AUTO,NONE,20,648.3
6825,630.0,AUTO,NONE,20,646.9
6830,628.5,AUTO,NONE,20,645.4
6835,627.1,AUTO,NONE,20,643.9
6840,625.6,AUTO,NONE,20,642.5
6845,624.1,AUTO,NONE,20,641
6850,622.7,AUTO,NONE,20,639.5
6855,621.2,AUTO,NONE,20,638.1
6860,619.7,AUTO,NONE,20,636.6
6865,618.3,AUTO,NONE,20,635.1
6870,616.8,AUTO,NONE,20,633.7
6875,615.3,AUTO,NONE,20,632.2
6880,613.9,AUTO,NONE,20,630.7
6885,612.4,AUTO,NONE,20,629.3
6890,610.9,AUTO,NONE,20,627.8
6895,609.5,AUTO,NONE,20,626.3
6900,608.0,AUTO,NONE,20,624.9
6905,606.5,AUTO,NONE,20,623.4
6910,605.1,AUTO,NONE,20,621.9
6915,603.6,AUTO,NONE,20,620.5
6920,602.1,AUTO,NONE,20,619
6925,600.7,AUTO,NONE,20,617.5
6930,599.2,AUTO,NONE,20,616.1
6935,597.7,AUTO,NONE,20,614.6
6940,596.3,AUTO,NONE,20,613.1
6945,594.8,AUTO,NONE,20,611.7
6950,593.3,AUTO,NONE,20,610.2
6955,591.9,AUTO,NONE,20,608.7
6960,590.4,AUTO,NONE,20,607.3
6965,588.9,AUTO,NONE,20,605.8
6970,587.5,AUTO,NONE,20,604.3
6975,586.0,AUTO,NONE,20,602.9
6980,584.5,AUTO,NONE,20,601.4
6985,583.1,AUTO,NONE,20,599.9
6990,581.6,AUTO,NONE,20,598.5
6995,580.1,AUTO,NONE,20,597
7000,578.7,AUTO,NONE,20,595.5
7005,577.2,AUTO,NONE,20,594.1
7010,575.7,AUTO,NONE,20,592.6
7015,574.3,AUTO,NONE,20,591.1
7020,572.8,AUTO,NONE,20,589.7
7025,571.3,AUTO,NONE,20,588.2
7030,569.9,AUTO,NONE,20,586.7
7035,568.4,AUTO,NONE,20,585.3
7040,566.9,AUTO,NONE,20,583.8
7045,565.5,AUTO,NONE,20,582.3
7050,564.0,AUTO,NONE,20,580.9
7055,562.5,AUTO,NONE,20,579.4
7060,561.1,AUTO,NONE,20,577.9
7065,559.6,AUTO,NONE,20,576.5
7070,558.1,AUTO,NONE,20,575
7075,556.7,AUTO,NONE,20,573.5
7080,555.2,AUTO,NONE,20,572.1
7085,553.7,AUTO,NONE,20,570.6
7090,552.3,AUTO,NONE,20,569.1
7095,550.8,AUTO,NONE,20,567.7
7100,549.3,AUTO,NONE,20,566.2
7105,547.9,AUTO,NONE,20,564.7
7110,546.4,AUTO,NONE,20,563.3
7115,544.9,AUTO,NONE,20,561.8
7120,543.5,AUTO,NONE,20,560.3
7125,542.0,AUTO,NONE,20,558.9
7130,540.5,AUTO,NONE,20,557.4
7135,539.1,AUTO,NONE,20,555.9
7140,537.6,AUTO,NONE,20,554.5
7145,536.1,AUTO,NONE,20,553
7150,534.7,AUTO,NONE,20,551.5
7155,533.2,AUTO,NONE,20,550.1
7160,531.7,AUTO,NONE,20,548.6
7165,530.3,AUTO,NONE,20,547.1
7170,528.8,AUTO,NONE,20,545.7
7175,527.3,AUTO,NONE,20,544.2
7180,525.9,AUTO,NONE,20,542.7
7185,524.4,AUTO,NONE,20,541.3
7190,522.9,AUTO,NONE,20,539.8
7195,521.5,AUTO,NONE,20,538.3
7200,520.0,AUTO,NONE,20,536.9
